step,error
0,No more individual to be mutated
1,No more individual to be mutated
2,No more individual to be mutated
3,No more individual to be mutated
15,No improver found
16,No improver found
17,No improver found
18,No improver found
19,No improver found
20,No improver found
21,No improver found
22,No improver found
23,No improver found
24,No improver found
25,No improver found
26,No improver found
27,No improver found
28,No improver found
29,No improver found
30,No improver found
31,No improver found
32,No improver found
33,No improver found
34,No improver found
35,No improver found
36,No improver found
37,No improver found
38,No improver found
39,No improver found
40,No improver found
41,No improver found
42,No improver found
43,No improver found
44,No improver found
45,No improver found
46,No improver found
47,No improver found
48,No improver found
49,No improver found
50,No improver found
51,No improver found
52,No improver found
53,No improver found
54,No improver found
55,No improver found
56,No improver found
57,No improver found
58,No improver found
59,No improver found
60,No improver found
61,No improver found
62,No improver found
63,No improver found
64,No improver found
65,No improver found
66,No improver found
67,No improver found
68,No improver found
69,No improver found
70,No improver found
71,No improver found
72,No improver found
73,No improver found
74,No improver found
75,No improver found
76,No improver found
77,No improver found
78,No improver found
79,No improver found
80,No improver found
81,No improver found
82,No improver found
83,No improver found
84,No improver found
85,No improver found
86,No improver found
87,No improver found
88,No improver found
89,No improver found
90,No improver found
91,No improver found
92,No improver found
93,No improver found
94,No improver found
95,No improver found
96,No improver found
97,No improver found
98,No improver found
99,No improver found
100,No improver found
101,No improver found
102,No improver found
103,No improver found
104,No improver found
105,No improver found
106,No improver found
107,No improver found
108,No improver found
109,No improver found
110,No improver found
111,No improver found
112,No improver found
113,No improver found
114,No improver found
115,No improver found
116,No improver found
117,No improver found
118,No improver found
119,No improver found
120,No improver found
121,No improver found
122,No improver found
123,No improver found
124,No improver found
125,No improver found
126,No improver found
127,No improver found
128,No improver found
129,No improver found
130,No improver found
131,No improver found
132,No improver found
133,No improver found
134,No improver found
135,No improver found
136,No improver found
137,No improver found
138,No improver found
139,No improver found
140,No improver found
141,No improver found
142,No improver found
143,No improver found
144,No improver found
145,No improver found
146,No improver found
147,No improver found
148,No improver found
149,No improver found
150,No improver found
151,No improver found
152,No improver found
153,No improver found
154,No improver found
155,No improver found
156,No improver found
157,No improver found
158,No improver found
159,No improver found
160,No improver found
161,No improver found
162,No improver found
163,No improver found
164,No improver found
165,No improver found
166,No improver found
167,No improver found
168,No improver found
169,No improver found
170,No improver found
171,No improver found
172,No improver found
173,No improver found
174,No improver found
175,No improver found
176,No improver found
177,No improver found
178,No improver found
179,No improver found
180,No improver found
181,No improver found
182,No improver found
183,No improver found
184,No improver found
185,No improver found
186,No improver found
187,No improver found
188,No improver found
189,No improver found
190,No improver found
191,No improver found
192,No improver found
193,No improver found
194,No improver found
195,No improver found
196,No improver found
197,No improver found
198,No improver found
199,No improver found
200,No improver found
201,No improver found
202,No improver found
203,No improver found
204,No improver found
205,No improver found
206,No improver found
207,No improver found
208,No improver found
209,No improver found
210,No improver found
211,No improver found
212,No improver found
213,No improver found
214,No improver found
215,No improver found
216,No improver found
217,No improver found
218,No improver found
219,No improver found
220,No improver found
221,No improver found
222,No improver found
223,No improver found
224,No improver found
225,No improver found
226,No improver found
227,No improver found
228,No improver found
229,No improver found
230,No improver found
231,No improver found
232,No improver found
233,No improver found
234,No improver found
235,No improver found
236,No improver found
237,No improver found
238,No improver found
239,No improver found
240,No improver found
241,No improver found
242,No improver found
243,No improver found
244,No improver found
245,No improver found
246,No improver found
247,No improver found
248,No improver found
249,No improver found
250,No improver found
251,No improver found
252,No improver found
253,No improver found
254,No improver found
255,No improver found
256,No improver found
257,No improver found
258,No improver found
259,No improver found
260,No improver found
261,No improver found
262,No improver found
263,No improver found
264,No improver found
265,No improver found
266,No improver found
267,No improver found
268,No improver found
269,No improver found
270,No improver found
271,No improver found
272,No improver found
273,No improver found
274,No improver found
275,No improver found
276,No improver found
277,No improver found
278,No improver found
279,No improver found
280,No improver found
281,No improver found
282,No improver found
283,No improver found
284,No improver found
285,No improver found
286,No improver found
287,No improver found
288,No improver found
289,No improver found
290,No improver found
291,No improver found
292,No improver found
293,No improver found
294,No improver found
295,No improver found
296,No improver found
297,No improver found
298,No improver found
299,No improver found
300,No improver found
301,No improver found
302,No improver found
303,No improver found
304,No improver found
305,No improver found
306,No improver found
307,No improver found
308,No improver found
309,No improver found
310,No improver found
311,No improver found
312,No improver found
313,No improver found
314,No improver found
315,No improver found
316,No improver found
317,No improver found
318,No improver found
319,No improver found
320,No improver found
321,No improver found
322,No improver found
323,No improver found
324,No improver found
325,No improver found
326,No improver found
327,No improver found
328,No improver found
329,No improver found
330,No improver found
331,No improver found
332,No improver found
333,No improver found
334,No improver found
335,No improver found
336,No improver found
337,No improver found
338,No improver found
339,No improver found
340,No improver found
341,No improver found
342,No improver found
343,No improver found
344,No improver found
345,No improver found
346,No improver found
347,No improver found
348,No improver found
349,No improver found
350,No improver found
351,No improver found
352,No improver found
353,No improver found
354,No improver found
355,No improver found
356,No improver found
357,No improver found
358,No improver found
359,No improver found
360,No improver found
361,No improver found
362,No improver found
363,No improver found
364,No improver found
365,No improver found
366,No improver found
367,No improver found
368,No improver found
369,No improver found
370,No improver found
371,No improver found
372,No improver found
373,No improver found
374,No improver found
375,No improver found
376,No improver found
377,No improver found
378,No improver found
379,No improver found
380,No improver found
381,No improver found
382,No improver found
383,No improver found
384,No improver found
385,No improver found
386,No improver found
387,No improver found
388,No improver found
389,No improver found
390,No improver found
391,No improver found
392,No improver found
393,No improver found
394,No improver found
395,No improver found
396,No improver found
397,No improver found
398,No improver found
399,No improver found
400,No improver found
401,No improver found
402,No improver found
403,No improver found
404,No improver found
405,No improver found
406,No improver found
407,No improver found
408,No improver found
409,No improver found
410,No improver found
411,No improver found
412,No improver found
413,No improver found
414,No improver found
415,No improver found
416,No improver found
417,No improver found
418,No improver found
419,No improver found
420,No improver found
421,No improver found
422,No improver found
423,No improver found
424,No improver found
425,No improver found
426,No improver found
427,No improver found
428,No improver found
429,No improver found
430,No improver found
431,No improver found
432,No improver found
433,No improver found
434,No improver found
435,No improver found
436,No improver found
437,No improver found
438,No improver found
439,No improver found
440,No improver found
441,No improver found
442,No improver found
443,No improver found
444,No improver found
445,No improver found
446,No improver found
447,No improver found
448,No improver found
449,No improver found
450,No improver found
451,No improver found
452,No improver found
453,No improver found
454,No improver found
455,No improver found
456,No improver found
457,No improver found
458,No improver found
459,No improver found
460,No improver found
461,No improver found
462,No improver found
463,No improver found
464,No improver found
465,No improver found
466,No improver found
467,No improver found
468,No improver found
469,No improver found
470,No improver found
471,No improver found
472,No improver found
473,No improver found
474,No improver found
475,No improver found
476,No improver found
477,No improver found
478,No improver found
479,No improver found
480,No improver found
481,No improver found
482,No improver found
483,No improver found
484,No improver found
485,No improver found
486,No improver found
487,No improver found
488,No improver found
489,No improver found
490,No improver found
491,No improver found
492,No improver found
493,No improver found
494,No improver found
495,No improver found
496,No improver found
497,No improver found
498,No improver found
499,No improver found
500,No improver found
501,No improver found
502,No improver found
503,No improver found
504,No improver found
505,No improver found
506,No improver found
507,No improver found
508,No improver found
509,No improver found
510,No improver found
511,No improver found
512,No improver found
513,No improver found
514,No improver found
515,No improver found
516,No improver found
517,No improver found
518,No improver found
519,No improver found
520,No improver found
521,No improver found
522,No improver found
523,No improver found
524,No improver found
525,No improver found
526,No improver found
527,No improver found
528,No improver found
529,No improver found
530,No improver found
531,No improver found
532,No improver found
533,No improver found
534,No improver found
535,No improver found
536,No improver found
537,No improver found
538,No improver found
539,No improver found
540,No improver found
541,No improver found
542,No improver found
543,No improver found
544,No improver found
545,No improver found
546,No improver found
547,No improver found
548,No improver found
549,No improver found
550,No improver found
551,No improver found
552,No improver found
553,No improver found
554,No improver found
555,No improver found
556,No improver found
557,No improver found
558,No improver found
559,No improver found
560,No improver found
561,No improver found
562,No improver found
563,No improver found
564,No improver found
565,No improver found
566,No improver found
567,No improver found
568,No improver found
569,No improver found
570,No improver found
571,No improver found
572,No improver found
573,No improver found
574,No improver found
575,No improver found
576,No improver found
577,No improver found
578,No improver found
579,No improver found
580,No improver found
581,No improver found
582,No improver found
583,No improver found
584,No improver found
585,No improver found
586,No improver found
587,No improver found
588,No improver found
589,No improver found
590,No improver found
591,No improver found
592,No improver found
593,No improver found
594,No improver found
595,No improver found
596,No improver found
597,No improver found
598,No improver found
599,No improver found
600,No improver found
601,No improver found
602,No improver found
603,No improver found
604,No improver found
605,No improver found
606,No improver found
607,No improver found
608,No improver found
609,No improver found
610,No improver found
611,No improver found
612,No improver found
613,No improver found
614,No improver found
615,No improver found
616,No improver found
617,No improver found
618,No improver found
619,No improver found
620,No improver found
621,No improver found
622,No improver found
623,No improver found
624,No improver found
625,No improver found
626,No improver found
627,No improver found
628,No improver found
629,No improver found
630,No improver found
631,No improver found
632,No improver found
633,No improver found
634,No improver found
635,No improver found
636,No improver found
637,No improver found
638,No improver found
639,No improver found
640,No improver found
641,No improver found
642,No improver found
643,No improver found
644,No improver found
645,No improver found
646,No improver found
647,No improver found
648,No improver found
649,No improver found
650,No improver found
651,No improver found
652,No improver found
653,No improver found
654,No improver found
655,No improver found
656,No improver found
657,No improver found
658,No improver found
659,No improver found
660,No improver found
661,No improver found
662,No improver found
663,No improver found
664,No improver found
665,No improver found
666,No improver found
667,No improver found
668,No improver found
669,No improver found
670,No improver found
671,No improver found
672,No improver found
673,No improver found
674,No improver found
675,No improver found
676,No improver found
677,No improver found
678,No improver found
679,No improver found
680,No improver found
681,No improver found
682,No improver found
683,No improver found
684,No improver found
685,No improver found
686,No improver found
687,No improver found
688,No improver found
689,No improver found
690,No improver found
691,No improver found
692,No improver found
693,No improver found
694,No improver found
695,No improver found
696,No improver found
697,No improver found
698,No improver found
699,No improver found
700,No improver found
701,No improver found
702,No improver found
703,No improver found
704,No improver found
705,No improver found
706,No improver found
707,No improver found
708,No improver found
709,No improver found
710,No improver found
711,No improver found
712,No improver found
713,No improver found
714,No improver found
715,No improver found
716,No improver found
717,No improver found
718,No improver found
719,No improver found
720,No improver found
721,No improver found
722,No improver found
723,No improver found
724,No improver found
725,No improver found
726,No improver found
727,No improver found
728,No improver found
729,No improver found
730,No improver found
731,No improver found
732,No improver found
733,No improver found
734,No improver found
735,No improver found
736,No improver found
737,No improver found
738,No improver found
739,No improver found
740,No improver found
741,No improver found
742,No improver found
743,No improver found
744,No improver found
745,No improver found
746,No improver found
747,No improver found
748,No improver found
749,No improver found
750,No improver found
751,No improver found
752,No improver found
753,No improver found
754,No improver found
755,No improver found
756,No improver found
757,No improver found
758,No improver found
759,No improver found
760,No improver found
761,No improver found
762,No improver found
763,No improver found
764,No improver found
765,No improver found
766,No improver found
767,No improver found
768,No improver found
769,No improver found
770,No improver found
771,No improver found
772,No improver found
773,No improver found
774,No improver found
775,No improver found
776,No improver found
777,No improver found
778,No improver found
779,No improver found
780,No improver found
781,No improver found
782,No improver found
783,No improver found
784,No improver found
785,No improver found
786,No improver found
787,No improver found
788,No improver found
789,No improver found
790,No improver found
791,No improver found
792,No improver found
793,No improver found
794,No improver found
795,No improver found
796,No improver found
797,No improver found
798,No improver found
799,No improver found
800,No improver found
801,No improver found
802,No improver found
803,No improver found
804,No improver found
805,No improver found
806,No improver found
807,No improver found
808,No improver found
809,No improver found
810,No improver found
811,No improver found
812,No improver found
813,No improver found
814,No improver found
815,No improver found
816,No improver found
817,No improver found
818,No improver found
819,No improver found
820,No improver found
821,No improver found
822,No improver found
823,No improver found
824,No improver found
825,No improver found
826,No improver found
827,No improver found
828,No improver found
829,No improver found
830,No improver found
831,No improver found
832,No improver found
833,No improver found
834,No improver found
835,No improver found
836,No improver found
837,No improver found
838,No improver found
839,No improver found
840,No improver found
841,No improver found
842,No improver found
843,No improver found
844,No improver found
845,No improver found
846,No improver found
847,No improver found
848,No improver found
849,No improver found
850,No improver found
851,No improver found
852,No improver found
853,No improver found
854,No improver found
855,No improver found
856,No improver found
857,No improver found
858,No improver found
859,No improver found
860,No improver found
861,No improver found
862,No improver found
863,No improver found
864,No improver found
865,No improver found
866,No improver found
867,No improver found
868,No improver found
869,No improver found
870,No improver found
871,No improver found
872,No improver found
873,No improver found
874,No improver found
875,No improver found
876,No improver found
877,No improver found
878,No improver found
879,No improver found
880,No improver found
881,No improver found
882,No improver found
883,No improver found
884,No improver found
885,No improver found
886,No improver found
887,No improver found
888,No improver found
889,No improver found
890,No improver found
891,No improver found
892,No improver found
893,No improver found
894,No improver found
895,No improver found
896,No improver found
897,No improver found
898,No improver found
899,No improver found
900,No improver found
901,No improver found
902,No improver found
903,No improver found
904,No improver found
905,No improver found
906,No improver found
907,No improver found
908,No improver found
909,No improver found
910,No improver found
911,No improver found
912,No improver found
913,No improver found
914,No improver found
915,No improver found
916,No improver found
917,No improver found
918,No improver found
919,No improver found
920,No improver found
921,No improver found
922,No improver found
923,No improver found
924,No improver found
925,No improver found
926,No improver found
927,No improver found
928,No improver found
929,No improver found
930,No improver found
931,No improver found
932,No improver found
933,No improver found
934,No improver found
935,No improver found
936,No improver found
937,No improver found
938,No improver found
939,No improver found
940,No improver found
941,No improver found
942,No improver found
943,No improver found
944,No improver found
945,No improver found
946,No improver found
947,No improver found
948,No improver found
949,No improver found
950,No improver found
951,No improver found
952,No improver found
953,No improver found
954,No improver found
955,No improver found
956,No improver found
957,No improver found
958,No improver found
959,No improver found
960,No improver found
961,No improver found
962,No improver found
963,No improver found
964,No improver found
965,No improver found
966,No improver found
967,No improver found
968,No improver found
969,No improver found
970,No improver found
971,No improver found
972,No improver found
973,No improver found
974,No improver found
975,No improver found
976,No improver found
977,No improver found
978,No improver found
979,No improver found
980,No improver found
981,No improver found
982,No improver found
983,No improver found
984,No improver found
985,No improver found
986,No improver found
987,No improver found
988,No improver found
989,No improver found
990,No improver found
991,No improver found
992,No improver found
993,No improver found
994,No improver found
995,No improver found
996,No improver found
997,No improver found
998,No improver found
999,No improver found
